{
  "timestamp": 1776450321.8718662,
  "results": {
    "stats": {
      "stats_cold": 0.019833803176879883,
      "stats_warm": 5.0067901611328125e-06,
      "detailed": 0.0003037452697753906
    },
    "imap": {
      "imap_cold": 1.4409091472625732,
      "imap_warm": 1.7554080486297607,
      "imap_third": 1.395197868347168
    },
    "cache": {
      "cache_set_ops": 1179168.9626089402,
      "cache_get_ops": 1770495.5677501056
    }
  }
}